fields_num,avg_time_thrift_s,avg_time_parquet56_s,avg_time_parquet57_s
100,0.002026466,0.001134808,0.001326358
1000,0.015287408,0.010799316,0.007365808
10000,0.158797058,0.083119071,0.052356025
100000,1.560936437,0.809600283,0.51141882
